<?xml version="1.0" encoding="UTF-8"?>
<beans xmlns="http://www.springframework.org/schema/beans"
	xmlns:context="http://www.springframework.org/schema/context"
	xmlns:xsi="http://www.w3.org/2001/XMLSchema-instance"
	xsi:schemaLocation="
        http://www.springframework.org/schema/beans http://www.springframework.org/schema/beans/spring-beans.xsd
        http://www.springframework.org/schema/context http://www.springframework.org/schema/context/spring-context.xsd">

	<!-- loading annotated beans -->
	<context:component-scan base-package="cdac" /> <!-- scan package and find component annotation. this is just a one time 
		effort -->
	<!--<context:component-scan base-package="bank.cdac" /> -->

	<!-- DataSource Configuration -->
	<!-- Issue with the below configuration is that we have not configured the pool size yet -->
	<!--  <bean name="dataSource"
		class="org.springframework.jdbc.datasource.DriverManagerDataSource">
		<property name="driverClassName" value="com.mysql.cj.jdbc.Driver" />
		<property name="url" value="jdbc:mysql://localhost:3306/Spring" />
		<property name="username" value="dishi" />
		<property name="password" value="welcome2508" />
	</bean>-->
	
	<bean id="dataSource" class="org.apache.commons.dbcp2.BasicDataSource" init-method="start"> <!-- start will keep connections open already -->
    <property name="driverClassName" value = "com.mysql.cj.jdbc.Driver" />
    <property name="url" value = "jdbc:mysql://localhost:3306/Spring" />
    <property name="username" value = "dishi" />
    <property name="password" value = "welcome2508" />
    <property name="initialSize" value = "3" /> <!-- keep 3 connections open already and when asked for one its faster to access and not set up everytime -->
  </bean>
	
</beans>

<!-- tight and loose coupling - read -->
<!-- beans is a term in spring for classes whose object is to be created -->